config,BM,BK,BN,WM,WN,WSUBM,WSUBN,TM,TN,time_ms,gflops,threads,blocks
BM=128 BK= 8 BN=128 WM= 64 WN= 64 WSUBM= 64 WSUBN=16 TM= 8 TN= 4,128,8,128,64,64,64,16,8,4,11.8942720413208,11555.053810316085,128,1024
BM=128 BK=16 BN=128 WM= 64 WN= 64 WSUBM= 64 WSUBN=32 TM=16 TN= 4,128,16,128,64,64,64,32,16,4,12.111871814727783,11347.457731915318,128,1024
BM=128 BK=16 BN=128 WM= 64 WN= 64 WSUBM= 32 WSUBN=16 TM= 4 TN= 4,128,16,128,64,64,32,16,4,4,12.18017282485962,11283.826218909504,128,1024
BM=128 BK=16 BN=128 WM= 64 WN= 64 WSUBM= 64 WSUBN= 8 TM= 4 TN= 4,128,16,128,64,64,64,8,4,4,12.241203117370606,11227.569067698118,128,1024
BM=128 BK= 4 BN=128 WM= 64 WN= 64 WSUBM= 64 WSUBN=16 TM= 8 TN= 4,128,4,128,64,64,64,16,8,4,12.42214412689209,11064.028244082692,128,1024
BM=128 BK=16 BN=128 WM= 64 WN= 64 WSUBM= 64 WSUBN=16 TM= 8 TN= 4,128,16,128,64,64,64,16,8,4,13.047910499572755,10533.407128788964,128,1024
BM=128 BK=16 BN=128 WM= 64 WN= 32 WSUBM= 64 WSUBN=16 TM= 8 TN= 4,128,16,128,64,32,64,16,8,4,13.181644916534424,10426.540416029804,256,1024
BM= 64 BK=16 BN= 64 WM= 64 WN= 64 WSUBM= 64 WSUBN=16 TM= 8 TN= 4,64,16,64,64,64,64,16,8,4,22.61329917907715,6077.793089084708,32,4096
